<?xml version="1.0" encoding="UTF-8" ?>
<!DOCTYPE log4j:configuration SYSTEM "log4j.dtd">
<log4j:configuration debug="true"
	xmlns:log4j="http://jakarta.apache.org/log4j/">

	<appender name="STDOUT" class="org.apache.log4j.ConsoleAppender">
		<layout class="org.apache.log4j.PatternLayout">
			<!--param name="ConversionPattern" value="[%d{yyyy-MM-dd HH:mm:ss.SSS z Z}] &lt;%t&gt; %-5p %c{1} - %m (%F:%L) %n"/-->
			<!--param name="ConversionPattern" value="[%d{yyyy-MM-dd HH:mm:ss.SSS}] &lt;%t&gt; %-5p %c{1} - %m (%F:%L) %n"/-->
			<param name="ConversionPattern"
				value="[%d{yyyy-MM-dd HH:mm:ss.SSS}] %-5p %c{1} - %m (%F:%L) %n" />
		</layout>
	</appender>

	<logger name="org.hibernate.cfg">
		<level value="ERROR" />
	</logger>

	<!--
	<logger name="org.hibernate.SQL">
		<level value="DEBUG" />
	</logger>
	-->

	<!--
	<logger name="org.hibernate.type">
		<level value="TRACE" />
	</logger>
	-->

	<root>
		<level value="WARN" />
		<appender-ref ref="STDOUT" />
	</root>

</log4j:configuration>
