<?xml version='1.0' encoding='utf-8'?>
<!DOCTYPE hibernate-configuration PUBLIC
    "-//Hibernate/Hibernate Configuration DTD//EN"
    "http://hibernate.sourceforge.net/hibernate-configuration-3.0.dtd">

<hibernate-configuration>
	<session-factory>
		<!-- HypersonicSQL -->
		<property name="dialect">org.hibernate.dialect.HSQLDialect</property>
		<property name="connection.driver_class">org.hsqldb.jdbcDriver</property>
		<property name="connection.url">jdbc:hsqldb:file:testdb;shutdown=true</property>
		<property name="connection.username">sa</property>
		<property name="connection.password"></property>

		<!-- Miscellaneous Settings  -->
		<property name="show_sql">true</property>
		<property name="format_sql">true</property>

		<!-- packages and annotated classes -->
    <!-- mapping package="test.animals"/ -->
    <mapping class="Person"/>
    <mapping class="PersonDetails"/>

		<!-- DB Schema -->
		<!-- property name="hbm2ddl.auto">create</property -->
	</session-factory>
</hibernate-configuration>
