<?xml version="1.0" encoding="UTF-8"?>
<beans xmlns="http://www.springframework.org/schema/beans"
	xmlns:xsi="http://www.w3.org/2001/XMLSchema-instance"
	xmlns:mvc="http://www.springframework.org/schema/mvc"
	xsi:schemaLocation="
		http://www.springframework.org/schema/beans http://www.springframework.org/schema/beans/spring-beans-3.0.xsd
		http://www.springframework.org/schema/mvc http://www.springframework.org/schema/mvc/spring-mvc-3.0.xsd">

	<!-- Configures the @Controller programming model -->
	<mvc:annotation-driven />

	<!-- Forwards requests to the "/" resource to the "welcome" view -->
	<mvc:view-controller path="/" view-name="welcome"/>

	<!-- Configures Handler Interceptors -->	
	<mvc:interceptors>
		<!-- Changes the locale when a 'locale' request parameter is sent; e.g. /?locale=de -->
		<bean class="org.springframework.web.servlet.i18n.LocaleChangeInterceptor" />
	</mvc:interceptors>

	<!-- Saves a locale change using a cookie -->
	<bean id="localeResolver" class="org.springframework.web.servlet.i18n.CookieLocaleResolver" />

	<!-- Resolves view names to protected .jsp resources within the /WEB-INF/views directory -->
	<bean class="org.springframework.web.servlet.view.InternalResourceViewResolver">
		<property name="prefix" value="/WEB-INF/views/"/>
		<property name="suffix" value=".jsp"/>
	</bean>

</beans>
